,game_title
0,Expansion - Hearts of Iron IV: Man the Guns
1,Dead by Daylight
2,Wargroove
3,Wallpaper Engine
4,Factorio
5,Insurgency: Sandstorm
6,Cold Waters
7,Tannenberg
8,Pathfinder: Kingmaker
9,MONSTER HUNTER: WORLD
10,Divinity: Original Sin 2 - Definitive Edition
11,Football Manager 2019
12,Garry's Mod
13,Survivor Pass: Vikendi
14,Moonlighter
15,Terraria
16,GOD EATER 3
17,Sid Meier’s Civilization® VI
18,Rocket League®
19,Subnautica: Below Zero
20,Tom Clancy's Rainbow Six® Siege
21,ASTRONEER
22,Sid Meier’s Civilization® VI: Rise and Fall
23,Kenshi
24,Euro Truck Simulator 2
25,Grand Theft Auto V
26,RimWorld
27,NBA 2K19
28,RESIDENT EVIL 2 / BIOHAZARD RE:2
29,Slay the Spire
30,My Time At Portia
31,Foundation
32,Beat Saber
33,Sid Meier's Civilization® VI: Gathering Storm
34,Stardew Valley
35,Farming Simulator 19
36,PLAYERUNKNOWN'S BATTLEGROUNDS
37,Overcooked! 2
38,Don't Starve Together
39,Rust
40,Subnautica
41,ACE COMBAT™ 7: SKIES UNKNOWN
42,Left 4 Dead 2
43,ARK: Survival Evolved
44,Battlefleet Gothic: Armada 2
45,The Elder Scrolls V: Skyrim Special Edition
46,Human: Fall Flat
47,"Warhammer 40,000: Mechanicus"
